,City,Lat,Lon,Max Temp,Humidity,Cloudiness,Wind Speed,Country,Date
0,Hermanus,-34.4187,19.2345,43.9,69,44,10.33,ZA,1626930278
1,Nyurba,63.2842,118.3319,80.62,41,11,7.58,RU,1626930279
2,Ushuaia,-54.8,-68.3,35.11,96,100,6.17,AR,1626930101
3,Spornoye,50.8448,37.2913,64.42,71,80,12.86,RU,1626930279
4,Aswān,24.0934,32.907,93.69,21,89,9.6,EG,1626930097
5,Punta Arenas,-53.15,-70.9167,35.11,100,100,3.09,CL,1626930152
6,Hefei,31.8639,117.2808,89.94,100,70,13.22,CN,1626930034
7,Tiksi,71.6872,128.8694,41.27,92,100,7.02,RU,1626930280
8,Cabo San Lucas,22.8909,-109.9124,87.51,70,0,1.99,MX,1626930086
9,Qaanaaq,77.484,-69.3632,39.83,92,100,10.45,GL,1626930281
10,Makakilo City,21.3469,-158.0858,80.92,68,20,8.05,US,1626930281
11,Khatanga,71.9667,102.5,54.34,87,100,2.73,RU,1626930281
12,San Joaquin,37.9333,-121.3011,80.85,31,1,11.5,US,1626930282
13,Airai,-8.9266,125.4092,75.18,34,90,4.09,TL,1626930282
14,Albany,42.6001,-73.9662,61.27,94,1,4.21,US,1626930130
15,Kotido,2.9806,34.1331,67.84,79,25,8.93,UG,1626930283
16,Batagay,67.6333,134.6333,71.08,38,5,7.58,RU,1626930283
17,Porto-Novo,6.4965,2.6036,75.99,76,77,9.66,BJ,1626930283
18,Rikitea,-23.1203,-134.9692,72.52,67,1,15.21,PF,1626930284
19,Bambous Virieux,-20.3428,57.7575,74.21,59,77,16.35,MU,1626930284
20,Hilo,19.7297,-155.09,75.79,91,91,6.49,US,1626930080
21,Narsaq,60.9167,-46.05,44.82,94,54,4.41,GL,1626930191
22,Asău,46.4333,26.4,63.52,82,45,4.7,RO,1626930285
23,Villa Carlos Paz,-31.4241,-64.4978,57.4,64,52,1.99,AR,1626930285
24,Kaitangata,-46.2817,169.8464,48.92,74,55,5.23,NZ,1626930286
25,Saint Paul Harbor,57.79,-152.4072,53.83,90,100,7.76,US,1626930286
26,Upernavik,72.7868,-56.1549,42.04,88,100,10.47,GL,1626930286
27,Tiznit Province,29.5833,-9.5,84.06,30,5,9.86,MA,1626930287
28,Launceston,-41.45,147.1667,52.81,92,90,3.0,AU,1626930287
29,Avarua,-21.2078,-159.775,77.05,78,0,2.3,CK,1626930287
30,Arraial do Cabo,-22.9661,-42.0278,67.23,78,99,6.08,BR,1626930288
31,Port Alfred,-33.5906,26.891,46.92,85,90,30.09,ZA,1626930289
32,Barstow,34.8986,-117.0228,92.39,25,68,13.6,US,1626930289
33,Beringovskiy,63.05,179.3167,54.79,69,34,8.3,RU,1626930289
34,Scarborough,54.2797,-0.4044,60.91,88,4,3.96,GB,1626930001
35,Kavieng,-2.5744,150.7967,82.89,75,93,7.61,PG,1626930290
36,Lavrentiya,65.5833,-171.0,38.34,83,100,8.14,RU,1626930290
37,Aryanah,36.8601,10.1934,67.87,88,0,2.3,TN,1626930290
38,Barrow,71.2906,-156.7887,37.42,87,90,18.41,US,1626930291
39,Thompson,55.7435,-97.8558,66.36,72,90,3.44,CA,1626930010
40,Busselton,-33.65,115.3333,56.08,66,94,8.77,AU,1626930291
41,São Filipe,14.8961,-24.4956,75.81,87,35,6.51,CV,1626930292
42,Hofn,64.2539,-15.2082,52.88,84,11,6.06,IS,1626930292
43,Jalu,29.0331,21.5482,79.0,58,3,9.17,LY,1626930292
44,Senanga,-16.1167,23.2667,47.93,38,0,5.79,ZM,1626930293
45,Esmeraldas,-19.7625,-44.3139,58.42,76,23,3.6,BR,1626930097
46,Benghazi,32.1167,20.0667,80.11,70,23,13.73,LY,1626930294
47,Jamestown,42.097,-79.2353,58.71,92,6,1.77,US,1626930026
48,Ilulissat,69.2167,-51.1,44.62,81,40,0.0,GL,1626930294
49,Lermontovka,47.1453,134.3383,85.35,67,80,4.21,RU,1626930295
50,Rincon,32.296,-81.2354,80.85,87,1,3.44,US,1626930295
51,Deputatsky,69.3,139.9,57.02,61,100,7.07,RU,1626930295
52,North Shore,-36.8,174.75,60.48,83,100,4.0,NZ,1626930196
53,São João da Barra,-21.6403,-41.0511,63.46,90,86,4.68,BR,1626930240
54,Hasaki,35.7333,140.8333,95.29,70,8,9.91,JP,1626930296
55,Yellowknife,62.456,-114.3525,66.56,68,43,3.0,CA,1626930265
56,Brae,60.3964,-1.353,53.51,92,3,12.84,GB,1626930297
57,Vardø,70.3705,31.1107,44.8,80,100,15.55,NO,1626930189
58,Cherskiy,68.75,161.3,64.38,51,86,4.47,RU,1626930298
59,Lüderitz,-26.6481,15.1594,51.21,38,7,14.43,NA,1626930298
60,Valparaíso,-33.0393,-71.6273,52.48,82,90,0.0,CL,1626930215
61,Ahipara,-35.1667,173.1667,56.35,88,98,5.68,NZ,1626930299
62,College,64.8569,-147.8028,72.28,54,82,4.56,US,1626930100
63,Malatya Province,38.5,38.0,78.85,34,0,10.36,TR,1626930300
64,San Cristobal,7.7669,-72.225,64.38,98,96,4.41,VE,1626930096
65,Castro,-24.7911,-50.0119,46.65,56,0,2.37,BR,1626930301
66,New Castle,41.0037,-80.347,61.05,90,28,3.33,US,1626929839
67,Dikson,73.5069,80.5464,51.8,65,100,17.07,RU,1626930301
68,Hamilton,39.1834,-84.5333,68.85,84,44,4.41,US,1626930010
69,Mahabalipuram,12.6264,80.1722,89.65,50,91,24.85,IN,1626930304
70,Leeton,-34.5667,146.4,54.9,57,98,11.16,AU,1626930305
71,Lorengau,-2.0226,147.2712,84.45,71,100,7.25,PG,1626930076
72,Vyartsilya,62.1764,30.693,57.13,66,100,9.4,RU,1626930305
73,Viranşehir,37.2353,39.7631,83.97,47,0,2.1,TR,1626930306
74,Homer,59.6425,-151.5483,57.09,86,90,4.61,US,1626930306
75,Clyde River,70.4692,-68.5914,37.63,100,90,2.3,CA,1626930306
76,Ponta do Sol,32.6667,-17.1,68.72,82,0,4.61,PT,1626930307
77,Great Yarmouth,52.6083,1.7305,60.94,89,1,3.6,GB,1626930307
78,New Norfolk,-42.7826,147.0587,56.91,56,99,3.0,AU,1626930308
79,Maceió,-9.6658,-35.7353,71.04,100,75,3.44,BR,1626930308
80,Puerto Ayora,-0.7393,-90.3518,70.56,97,99,4.0,EC,1626930309
81,Nouadhibou,20.931,-17.0347,66.85,90,4,22.15,MR,1626930309
82,Port Augusta,-32.5,137.7667,51.71,54,99,19.06,AU,1626930310
83,Hobart,-42.8794,147.3294,57.25,52,75,1.99,AU,1626930310
84,Mataura,-46.1927,168.8643,47.48,90,45,2.89,NZ,1626930310
85,Vaini,-21.2,-175.2,75.36,88,20,5.75,TO,1626930311
86,Rio Grande,-32.035,-52.0986,50.09,69,25,4.27,BR,1626930311
87,Chui,-33.6971,-53.4616,46.27,81,99,5.44,UY,1626930311
88,Esperance,-33.8667,121.9,57.06,58,49,15.46,AU,1626930312
89,Port Keats,-14.25,129.55,86.36,23,72,9.66,AU,1626930312
90,Bethel,41.3712,-73.414,69.03,86,0,7.72,US,1626930313
91,Mar del Plata,-38.0023,-57.5575,51.1,46,100,10.0,AR,1626930313
92,Wajir,1.7471,40.0573,75.27,68,58,17.52,KE,1626930136
93,Nikolskoye,59.7035,30.7861,61.79,57,67,9.33,RU,1626930314
94,Mount Isa,-20.7333,139.5,82.17,16,6,10.36,AU,1626930061
95,Mahébourg,-20.4081,57.7,74.25,58,71,16.89,MU,1626930072
96,Sørland,67.667,12.6934,48.27,88,100,19.91,NO,1626930314
97,Cape Town,-33.9258,18.4232,45.88,91,68,1.01,ZA,1626930315
98,Shebalino,51.2917,85.6772,78.22,50,84,4.29,RU,1626930315
99,Maţāy,28.419,30.7792,82.65,51,0,13.42,EG,1626930316
100,Churapcha,62.0025,132.4325,73.53,54,98,10.74,RU,1626930316
101,Butaritari,3.0707,172.7902,83.12,74,20,12.28,KI,1626930316
102,Pacific Grove,36.6177,-121.9166,62.02,87,90,3.0,US,1626930317
103,Constitución,-35.3333,-72.4167,52.63,88,100,1.5,CL,1626930317
104,Tuktoyaktuk,69.4541,-133.0374,43.02,95,47,13.67,CA,1626930318
105,Dukhovnitskoye,52.4828,48.2137,73.09,78,91,12.82,RU,1626930318
106,Baykit,61.67,96.37,71.46,62,36,1.61,RU,1626930319
107,Oranjemund,-28.55,16.4333,50.14,72,11,13.13,NA,1626930319
108,Camacha,33.0833,-16.3333,65.62,88,40,9.22,PT,1626930319
109,Angoche,-16.2325,39.9086,72.75,83,0,1.01,MZ,1626930320
110,East London,-33.0153,27.9116,49.57,62,47,25.05,ZA,1626930253
111,Chicama,-7.8447,-79.1469,64.63,84,31,5.86,PE,1626930321
112,Forsytheganj,52.6333,29.7333,59.77,60,0,9.84,BY,1626930321
113,Nokaneng,-19.6667,22.2667,43.21,50,0,7.34,BW,1626930322
114,Kapaa,22.0752,-159.319,80.92,80,75,5.01,US,1626930322
115,Banda Aceh,5.5577,95.3222,87.4,62,48,15.75,ID,1626930323
116,Candelaria,13.9311,121.4233,79.39,85,98,12.01,PH,1626930324
117,Nanortalik,60.1432,-45.2371,42.44,97,91,12.62,GL,1626930324
118,Riyadh,24.6877,46.7219,100.54,26,27,14.16,SA,1626930324
119,Reitz,-27.8014,28.4273,26.83,62,0,14.27,ZA,1626930325
120,Guarapari,-20.6667,-40.4975,62.49,90,26,3.24,BR,1626930325
121,Atuona,-9.8,-139.0333,77.58,68,47,15.23,PF,1626930326
122,Tuatapere,-46.1333,167.6833,47.82,74,65,4.38,NZ,1626930327
123,Vanavara,60.34,102.2797,68.86,55,98,4.23,RU,1626930328
124,Saint George,37.1041,-113.5841,88.36,47,1,7.0,US,1626930328
125,Eyl,7.9803,49.8164,83.61,55,9,28.27,SO,1626930329
126,Saldanha,-33.0117,17.9442,51.71,64,61,12.68,ZA,1626930329
127,Savé,8.0425,2.486,71.24,87,82,3.6,BJ,1626930329
128,Menongue,-14.6585,17.691,44.02,47,0,3.44,AO,1626930330
129,Hualmay,-11.0964,-77.6139,62.62,85,16,9.33,PE,1626930330
130,Pevek,69.7008,170.3133,44.13,66,8,7.9,RU,1626930331
131,Teahupoo,-17.8333,-149.2667,73.36,75,53,13.15,PF,1626930331
132,Torbay,47.6666,-52.7314,50.58,98,100,1.99,CA,1626930200
133,Mahajanga,-15.7167,46.3167,73.42,60,75,11.5,MG,1626930332
134,Tucumcari,35.1717,-103.725,73.94,53,1,10.36,US,1626930333
135,Bredasdorp,-34.5322,20.0403,39.27,88,73,6.55,ZA,1626930333
136,Sioux Lookout,50.1001,-91.917,61.75,76,100,5.26,CA,1626930334
137,Okato,-39.2,173.8833,53.42,84,65,13.35,NZ,1626930334
138,Berbera,10.4396,45.0143,91.67,38,14,33.64,SO,1626930335
139,Hong Kong,22.2855,114.1577,91.26,73,39,4.0,HK,1626930335
140,Paraná,-31.732,-60.5238,53.55,60,5,7.61,AR,1626930068
141,Rio Negro,-26.1058,-49.7975,45.68,77,0,1.99,BR,1626930336
142,Kahului,20.8947,-156.47,78.82,77,1,14.97,US,1626930336
143,Saskylakh,71.9167,114.0833,67.8,45,100,16.46,RU,1626930336
144,Bluff,-46.6,168.3333,47.8,61,46,10.33,NZ,1626930337
145,Cidreira,-30.1811,-50.2056,52.57,70,0,3.96,BR,1626930339
146,Pyu,18.4833,96.4333,82.58,87,94,11.03,MM,1626930339
147,Strezhevoy,60.7333,77.5889,67.98,93,100,8.57,RU,1626930339
148,Ribeira Grande,38.5167,-28.7,68.41,67,42,15.01,PT,1626930340
149,Lagoa,39.05,-27.9833,66.69,77,89,16.96,PT,1626930341
150,Águilas,37.4063,-1.5829,73.06,48,0,6.15,ES,1626930341
151,Hastings,50.8552,0.5729,65.32,94,0,8.66,GB,1626930342
152,Itarema,-2.9248,-39.9167,78.17,79,4,15.28,BR,1626930343
153,Sorong,-0.8833,131.25,81.64,83,84,14.56,ID,1626930343
154,Buraidah,26.326,43.975,99.5,14,5,13.58,SA,1626930343
155,Beatrice,40.2681,-96.747,74.86,83,1,5.75,US,1626930344
156,Alexandria,31.2156,29.9553,80.19,72,0,10.47,EG,1626930345
157,Kidal,18.4411,1.4078,82.78,55,79,8.28,ML,1626930345
158,San Francisco de Macorís,19.2952,-70.2554,78.58,97,99,1.12,DO,1626930345
159,Beibei,29.8256,106.4339,96.37,60,100,4.38,CN,1626930346
160,Kitob,39.0843,66.8332,88.38,15,0,10.58,UZ,1626930346
161,Provideniya,64.3833,-173.3,51.91,66,75,11.18,RU,1626930347
162,Codrington,-38.2667,141.9667,50.83,68,100,15.68,AU,1626930348
163,Norman Wells,65.282,-126.8329,66.24,59,75,11.5,CA,1626930348
164,Klaksvík,62.2266,-6.589,52.72,93,22,11.45,FO,1626930349
165,Mariana,-20.3778,-43.4161,55.71,92,44,0.89,BR,1626930350
166,Hithadhoo,-0.6,73.0833,82.29,73,100,12.59,MV,1626930350
167,Gumdag,39.2061,54.5906,97.43,13,13,17.76,TM,1626930350
168,Paita,-5.0892,-81.1144,65.57,84,3,10.67,PE,1626930054
169,Arrondissement de Morlaix,48.5833,-4.0,68.32,68,0,6.91,FR,1626930351
170,Port-Gentil,-0.7193,8.7815,73.89,78,85,12.1,GA,1626930352
171,Katete,-0.7818,29.7544,66.09,58,6,2.35,UG,1626930353
172,Ibaiti,-23.8486,-50.1878,47.37,55,0,3.83,BR,1626930353
173,Mazatlán,23.2167,-106.4167,87.03,69,75,1.01,MX,1626930161
174,Saint-Philippe,-21.3585,55.7679,71.22,73,47,13.29,RE,1626930355
175,Presidente Médici,-11.1753,-61.9014,69.35,52,0,3.56,BR,1626930210
176,The Valley,18.217,-63.0578,82.09,76,2,20.94,AI,1626930356
177,Areosa,41.7178,-8.8571,65.68,96,46,1.7,PT,1626930357
178,Puerto Madryn,-42.7692,-65.0385,54.16,58,100,9.51,AR,1626930357
179,Pedro Velho,-6.4392,-35.2214,69.44,94,9,8.93,BR,1626930358
180,Itacoatiara,-3.1431,-58.4442,73.78,87,13,2.24,BR,1626930359
181,Uglovskoye,51.3557,80.1942,80.89,40,67,13.49,RU,1626930360
182,Lebu,-37.6167,-73.65,50.11,91,100,3.94,CL,1626930360
183,Minden,52.2833,8.9167,63.09,93,75,1.14,DE,1626930361
184,Tessalit,20.1986,1.0114,84.83,50,26,4.52,ML,1626930361
185,Evensk,61.95,159.2333,49.82,94,100,9.51,RU,1626930362
186,Elko,41.0002,-115.5012,80.22,29,85,7.0,US,1626930115
187,Bambanglipuro,-7.95,110.2833,83.71,65,71,13.04,ID,1626930363
188,Kaka,37.3482,59.6143,98.83,11,0,13.49,TM,1626930363
189,Bereda,43.2686,-7.5406,61.14,100,95,1.43,ES,1626930364
190,Belyy Yar,53.6039,91.3903,75.09,57,0,4.47,RU,1626930364
191,Beloha,-25.1667,45.05,69.55,61,19,7.38,MG,1626930366
192,Nerchinskiy Zavod,51.3088,119.61,84.09,66,1,10.13,RU,1626930366
193,Port Pirie,-33.1833,138.0167,50.09,53,94,22.39,AU,1626930367
194,Nemuro,43.3236,145.575,63.63,91,73,11.39,JP,1626930369
195,Kondinskoye,59.6481,67.41,72.37,58,73,4.29,RU,1626930370
196,Coquimbo,-29.9533,-71.3436,49.73,93,90,3.44,CL,1626930371
197,Vao,-22.6667,167.4833,71.13,68,98,13.76,NC,1626930372
198,Longyearbyen,78.2186,15.6401,42.64,70,75,4.61,SJ,1626930372
199,Semnan,35.5729,53.3971,89.49,14,20,3.58,IR,1626930373
200,Agadez,19.75,10.25,85.75,27,16,2.59,NE,1626930374
201,Viedma,-40.8135,-62.9967,50.56,48,100,12.73,AR,1626930375
202,Khovd,48.0056,91.6419,81.95,22,86,5.53,MN,1626930375
203,Yangjiang,21.85,111.9667,85.95,76,100,5.91,CN,1626930376
204,Qasigiannguit,68.8193,-51.1922,44.85,90,92,3.15,GL,1626930376
205,Bagdarin,54.4333,113.6,56.73,98,100,4.41,RU,1626930377
206,Santa Cruz de la Sierra,-17.8,-63.1667,62.29,50,19,1.59,BO,1626930377
207,Ambilobe,-13.2,49.05,75.83,56,0,8.16,MG,1626930379
208,Wanning,18.8003,110.3967,86.65,70,98,10.36,CN,1626930380
209,Mackay,-21.15,149.2,67.68,52,1,9.13,AU,1626930381
210,Norfolk,42.1668,-71.2495,67.06,82,5,5.7,US,1626930115
211,Port Hardy,50.6996,-127.4199,53.78,100,75,3.44,CA,1626930382
212,Faanui,-16.4833,-151.75,78.94,77,14,16.42,PF,1626930382
213,Bafoulabé,13.8065,-10.8321,79.52,80,95,11.68,ML,1626930383
214,Bathsheba,13.2167,-59.5167,81.21,83,40,18.41,BB,1626930383
215,Saint Anthony,45.0205,-93.218,75.52,85,1,10.36,US,1626930383
216,Natal,-5.795,-35.2094,72.25,94,75,6.91,BR,1626930384
217,Isangel,-19.55,169.2667,78.91,78,75,5.75,VU,1626930384
218,Morón,-34.6534,-58.6198,54.99,73,98,1.01,AR,1626930385
219,Alépé,5.5004,-3.6631,75.07,94,68,2.08,CI,1626930386
220,Carballo,43.213,-8.691,63.28,94,96,2.19,ES,1626930386
221,Coyhaique,-45.5752,-72.0662,49.95,71,90,9.22,CL,1626930387
222,Katangli,51.7102,143.2326,74.26,72,100,5.88,RU,1626930387
223,Half Moon Bay,37.4636,-122.4286,65.75,83,1,0.0,US,1626930388
224,Alofi,-19.0595,-169.9187,76.6,83,54,20.33,NU,1626930389
225,Herat Province,34.5,62.0,90.09,14,0,14.88,AF,1626930389
226,Turochak,52.2576,87.1224,79.9,51,95,3.11,RU,1626930389
227,Ginir,7.1333,40.7,61.72,67,62,15.9,ET,1626930137
228,Margate,51.3813,1.3862,63.95,92,0,6.62,GB,1626930390
229,Metro,-5.1131,105.3067,90.0,54,81,3.29,ID,1626930390
230,Adrar,20.5022,-10.0711,80.82,16,61,10.78,MR,1626930391
231,Kloulklubed,7.0419,134.2556,88.3,74,94,13.38,PW,1626930391
232,Mossamedes,-15.1961,12.1522,65.25,71,0,2.84,AO,1626930392
233,Lao Cai,22.4833,103.95,93.83,59,94,0.69,VN,1626930392
234,Hita,33.3167,130.9333,90.37,64,100,8.41,JP,1626930393
235,Nhulunbuy,-12.2333,136.7667,84.81,51,20,10.36,AU,1626930393
236,Kumul,42.8,93.45,97.95,14,23,3.65,CN,1626930394
237,Nikol'sk,53.7189,46.0712,58.59,95,100,12.35,RU,1626930394
238,Pestovo,58.5938,35.8024,58.26,47,4,6.8,RU,1626930394
239,Komsomolets,53.7453,62.0708,77.29,63,32,5.79,KZ,1626930395
240,Bengkulu,-3.8004,102.2655,84.15,63,61,5.64,ID,1626930396
241,Vitória da Conquista,-14.8661,-40.8394,55.94,97,35,6.2,BR,1626930397
242,Henties Bay,-22.116,14.2845,53.96,78,0,4.29,NA,1626930397
243,Natá,8.3333,-80.5167,81.46,88,99,4.52,PA,1626930398
244,Saint-Pierre,-21.3393,55.4781,71.29,57,0,3.44,RE,1626930398
245,Lakatoro,-16.0999,167.4164,80.51,75,33,5.1,VU,1626930399
246,Moa,20.6569,-74.9403,79.0,88,4,11.59,CU,1626930399
247,Chokurdakh,70.6333,147.9167,55.33,58,98,7.94,RU,1626930400
248,Kaseda-shirakame,31.4167,130.3167,83.35,70,100,15.28,JP,1626930401
249,Carnarvon,-24.8667,113.6333,68.74,54,3,11.21,AU,1626930402
250,Nizhniy Ingash,56.2,96.53,75.72,46,39,6.08,RU,1626930402
251,Umba,66.6871,34.3429,51.35,83,99,9.46,RU,1626930402
252,Kirakira,-10.4544,161.9205,82.67,78,57,10.09,SB,1626930403
253,Oneonta,42.4529,-75.0638,59.29,92,0,1.83,US,1626930403
254,Santa Rita,-7.1139,-34.9781,70.47,100,20,3.44,BR,1626930404
255,Pochutla,15.7432,-96.4661,79.83,88,79,4.27,MX,1626930404
256,Clarence Town,-32.5833,151.7833,65.07,43,3,2.24,AU,1626930406
257,Matamoros,25.5333,-103.25,74.1,58,4,2.62,MX,1626930406
258,Te Anau,-45.4167,167.7167,43.41,88,44,2.93,NZ,1626930407
259,Elizabeth City,36.2946,-76.2511,78.03,87,90,6.91,US,1626930408
260,Ko Samui,9.5357,99.9357,84.99,71,91,16.4,TH,1626930408
261,Russell,32.3502,-85.1999,74.98,94,66,1.12,US,1626930115
262,Biak,-0.9131,122.8766,78.26,83,100,8.66,ID,1626930409
263,Palencia,42.4167,-4.5,63.79,84,0,5.99,ES,1626930409
264,Lata,40.1629,-8.3327,61.92,92,93,3.11,PT,1626930410
265,Vila Franca do Campo,37.7167,-25.4333,66.61,82,86,6.51,PT,1626930411
266,Mizdah,31.4451,12.9801,68.25,72,0,1.36,LY,1626930412
267,Yar-Sale,66.8333,70.8333,63.07,65,18,15.59,RU,1626930412
268,Belaya Gora,68.5333,146.4167,66.83,41,76,8.7,RU,1626930413
269,Sobolevo,54.4299,31.8996,57.47,67,0,9.57,RU,1626930414
270,Mtwara,-10.2667,40.1833,72.23,88,6,10.07,TZ,1626930415
271,Yatou,37.15,122.3833,86.25,59,92,7.2,CN,1626930416
272,Bucerías,20.75,-105.3333,81.0,88,100,1.92,MX,1626930306
273,Broome,42.2506,-75.833,59.36,86,0,2.39,US,1626930417
274,Shibetsu,43.659,145.132,70.61,83,80,8.52,JP,1626930417
275,Sedalia,38.7045,-93.2283,71.85,88,1,4.61,US,1626930418
276,Muros,42.7762,-9.0603,63.99,88,33,3.76,ES,1626930418
277,Sitka,57.0531,-135.33,57.09,77,90,4.61,US,1626930419
278,Touros,-5.1989,-35.4608,72.5,88,16,13.67,BR,1626930419
279,Pisco,-13.7,-76.2167,61.02,88,90,2.3,PE,1626930420
280,Salvacion,7.9833,126.1333,90.68,52,87,8.93,PH,1626930420
281,Batesville,35.7698,-91.641,76.69,92,1,3.0,US,1626930226
282,El Alto,-4.2714,-81.2147,64.4,84,16,13.73,PE,1626930421
283,Spring Hill,28.4769,-82.5255,84.07,89,97,5.75,US,1626930375
284,Andenes,69.3143,16.1194,50.07,93,75,17.27,NO,1626930423
285,Doha,25.2867,51.5333,102.51,44,0,11.5,QA,1626930327
286,Kirensk,57.7853,108.1119,84.83,39,58,5.23,RU,1626930424
287,Boa Vista,2.8197,-60.6733,78.78,89,40,4.61,BR,1626930424
288,Dukat,62.55,155.55,62.69,71,100,6.8,RU,1626930425
289,Souris,49.6172,-100.2612,72.73,70,1,11.86,CA,1626930425
290,Grindavik,63.8424,-22.4338,55.56,100,90,11.5,IS,1626930426
291,Gamba,-2.65,10.0,71.65,81,100,3.89,GA,1626930426
292,Hervey Bay,-25.2986,152.8535,67.01,53,3,3.0,AU,1626930427
293,Sarnia,42.9787,-82.4041,59.9,79,1,1.99,CA,1626930162
294,Hays,30.0502,-98.0336,74.89,89,43,5.06,US,1626930428
295,Mandan,46.8267,-100.8896,78.78,75,1,3.44,US,1626930271
296,Caravelas,-17.7125,-39.2481,67.91,80,3,3.36,BR,1626930430
297,Barra de Tecoanapa,16.5167,-98.75,77.11,93,65,10.56,MX,1626930431
298,Outjo,-20.1167,16.15,45.39,56,0,9.73,NA,1626930431
299,Ancud,-41.8697,-73.8203,49.53,89,100,11.5,CL,1626930433
300,Asbestovskiy,57.7557,61.3967,73.33,43,79,4.56,RU,1626930433
301,Svetlaya,46.5389,138.3297,74.77,79,100,9.8,RU,1626930433
302,Cooma,-36.2333,149.1333,49.87,39,63,8.55,AU,1626930167
303,Sunrise Manor,36.2111,-115.0731,96.21,30,1,4.61,US,1626930434
304,Rāmpura,30.25,75.2333,90.63,59,50,9.01,IN,1626930434
305,Fohnsdorf,47.2183,14.6819,57.27,94,40,1.14,AT,1626930436
306,Boueni,-12.9025,45.0761,76.98,70,1,15.08,YT,1626930436
307,Alyangula,-13.8483,136.4192,78.6,58,97,2.46,AU,1626930437
308,Pathein,16.7833,94.7333,85.48,75,96,18.41,MM,1626930437
309,Sühbaatar,50.2314,106.2078,73.92,57,70,4.7,MN,1626930437
310,Río Gallegos,-51.6226,-69.2181,37.45,75,0,3.44,AR,1626930438
311,Tasiilaq,65.6145,-37.6368,44.76,98,100,9.24,GL,1626930439
312,‘Āhuimanu,21.4447,-157.8378,82.11,70,75,13.8,US,1626930440
313,Tautira,-17.7333,-149.15,78.82,75,46,13.2,PF,1626930236
314,Nador,35.174,-2.9287,71.85,83,40,3.44,MA,1626930426
315,Corinth,37.9407,22.9573,83.89,63,8,11.12,GR,1626930441
316,Dingle,10.9995,122.6711,86.32,68,79,20.45,PH,1626930442
317,Kotapārh,19.15,82.35,76.75,85,100,7.05,IN,1626930442
318,Kruisfontein,-34.0033,24.7314,42.89,79,97,28.34,ZA,1626930443
319,Talnakh,69.4865,88.3972,68.29,42,96,19.28,RU,1626930443
320,Eureka,40.8021,-124.1637,57.2,78,9,1.01,US,1626930443
321,Chumikan,54.7183,135.315,82.72,47,67,10.69,RU,1626930444
322,Nsanje,-16.92,35.262,68.7,79,1,1.95,MW,1626930445
323,Salalah,17.0151,54.0924,79.75,84,81,14.74,OM,1626930200
324,Lompoc,34.6391,-120.4579,69.1,85,90,8.05,US,1626930446
325,Laas,46.6166,10.7002,67.03,88,78,1.21,IT,1626930446
326,Dunedin,-45.8742,170.5036,47.8,75,88,5.99,NZ,1626930156
327,Storforshei,66.4043,14.5233,51.58,87,75,12.66,NO,1626930449
328,Havre-St-Pierre,50.2334,-63.5986,55.9,93,100,1.32,CA,1626930449
329,Laela,-8.5667,32.05,56.1,71,9,2.42,TZ,1626930450
330,Barzas,55.7167,86.3167,77.23,40,7,7.54,RU,1626930450
331,Odienné,9.51,-7.5692,69.51,96,17,2.66,CI,1626930451
332,Aykhal,66.0,111.5,65.3,66,53,11.16,RU,1626930452
333,Samfya,-11.3649,29.5565,56.35,56,1,5.99,ZM,1626930453
334,Kokopo,-4.352,152.2633,83.41,73,56,10.07,PG,1626930453
335,Alta Floresta,-9.8756,-56.0861,67.73,46,0,3.78,BR,1626930454
336,Mayo,38.8876,-76.5119,75.24,81,1,4.0,US,1626930455
337,Tonoshō,34.4833,134.1833,92.68,68,76,5.86,JP,1626930455
338,Kaupanger,61.1845,7.2404,57.69,87,20,4.61,NO,1626930456
339,Nadym,65.5333,72.5167,66.67,59,65,18.43,RU,1626930457
340,Fort-Shevchenko,44.5086,50.263,90.95,41,0,3.0,KZ,1626930457
341,Kalemie,-5.9475,29.1947,69.98,61,0,2.24,CD,1626930458
342,Kurumkan,54.3,110.3,68.32,71,100,2.26,RU,1626930458
343,Hailun,47.45,126.9333,85.03,67,58,7.61,CN,1626930459
344,Iquique,-20.2208,-70.1431,57.24,74,21,0.74,CL,1626930257
345,Lagunas,-5.2269,-75.6753,69.01,78,1,1.19,PE,1626930460
346,Taywarah,33.35,64.4167,65.17,23,0,10.45,AF,1626930461
347,George Town,5.4112,100.3354,91.33,70,20,8.01,MY,1626929777
348,Zhongshu,24.5167,103.7667,76.57,68,63,3.53,CN,1626930462
349,Amuntai,-2.4177,115.2494,90.32,49,98,1.59,ID,1626930462
350,Pāvilosta,56.8879,21.1859,60.75,59,4,6.71,LV,1626930463
351,Lang Son,21.8333,106.7333,80.73,82,100,1.72,VN,1626930463
352,Hambantota,6.1241,81.1185,86.34,74,20,14.97,LK,1626930464
353,Desterro,-7.2906,-37.0939,64.83,90,41,13.89,BR,1626930465
354,Tongliao,43.6125,122.2653,89.22,46,21,17.76,CN,1626930465
355,Severo-Kuril'sk,50.6789,156.125,52.54,91,76,5.5,RU,1626930466
356,Guerrero Negro,27.9769,-114.0611,69.71,84,54,11.39,MX,1626930466
357,Peniche,39.3558,-9.3811,63.88,89,7,9.57,PT,1626930467
358,Amahai,-3.3333,128.9167,75.45,94,100,2.77,ID,1626930467
359,Tazovsky,67.4667,78.7,60.28,94,100,23.13,RU,1626930468
360,Port Elizabeth,-33.918,25.5701,46.69,81,75,27.63,ZA,1626930317
361,Nacozari,25.3366,-108.2574,88.11,73,31,5.03,MX,1626930468
362,Coos Bay,43.3665,-124.2179,58.23,86,1,19.57,US,1626930469
363,Laguna,38.421,-121.4238,86.5,45,1,10.36,US,1626930272
364,Plouzané,48.3833,-4.6167,68.32,75,0,6.91,FR,1626930469
365,Nikel,69.4128,30.222,46.58,93,100,17.56,RU,1626930470
366,Araouane,18.9048,-3.5265,92.14,39,41,14.76,ML,1626930471
367,Kedrovyy,56.1667,91.8167,75.61,37,29,3.44,RU,1626930472
368,Westerville,40.1262,-82.9291,62.94,90,1,1.99,US,1626930386
369,Mezen',65.8522,44.24,47.32,94,95,6.73,RU,1626930473
370,Bhūm,18.4667,75.6667,73.62,89,100,21.99,IN,1626930473
371,Kjøllefjord,70.9457,27.3465,44.38,78,100,14.81,NO,1626930473
372,Lábrea,-7.2586,-64.7981,71.29,65,2,2.77,BR,1626930474
373,Chateaubelair,13.2833,-61.25,78.73,82,75,13.69,VC,1626930475
374,Kuandian,40.7286,124.7847,86.14,64,100,4.97,CN,1626930475
375,Bubaque,11.2833,-15.8333,80.47,82,99,13.15,GW,1626930476
376,Makassar,-5.14,119.4221,84.25,65,20,3.44,ID,1626930477
377,Weligama,5.9667,80.4167,80.94,85,100,14.85,LK,1626930478
378,Algiers,36.7525,3.042,73.22,53,0,6.91,DZ,1626930186
379,Xichang,27.8964,102.2634,80.65,66,24,1.25,CN,1626930480
380,La Libertad,-2.2333,-80.9,70.07,84,89,10.07,EC,1626930481
381,Hobyo,5.3505,48.5268,80.22,69,67,23.42,SO,1626930482
382,Shenkursk,62.1091,42.896,58.75,41,21,6.49,RU,1626930483
383,Vuktyl,63.8567,57.3094,56.84,50,5,6.58,RU,1626930483
384,Yulara,-25.2406,130.9889,75.04,27,0,19.57,AU,1626930304
385,Whittlesea,-32.1759,26.8244,32.36,82,41,16.02,ZA,1626930484
386,Kirkenes,69.7271,30.0458,47.35,81,75,11.5,NO,1626930485
387,Rathenow,52.6066,12.337,66.16,87,38,3.69,DE,1626930487
388,Praia,14.9215,-23.5087,76.57,87,25,5.7,CV,1626930488
389,Makkah al Mukarramah,21.4267,39.8261,86.63,60,79,19.98,SA,1626930488
390,Acajutla,13.5928,-89.8275,78.8,73,22,6.46,SV,1626930489
391,Nacala,-14.5428,40.6728,72.28,84,3,2.35,MZ,1626930490
392,Westport,41.1415,-73.3579,71.82,81,1,5.01,US,1626930490
393,Fairbanks,64.8378,-147.7164,78.76,48,20,8.05,US,1626930492
394,Almaznyy,48.0448,40.045,73.54,68,9,10.67,RU,1626930493
395,Rabo de Peixe,37.8,-25.5833,65.71,77,20,8.05,PT,1626930493
396,Wanaka,-44.7,169.15,40.68,85,56,2.57,NZ,1626930493
397,Noumea,-22.2763,166.4572,77.0,99,31,13.69,NC,1626930495
398,Asilah,35.465,-6.0348,67.96,65,0,3.74,MA,1626930495
399,Solnechnyy,50.7214,136.6319,90.34,47,78,5.08,RU,1626930495
400,Sungai Penuh,-2.0833,101.3833,82.53,40,69,4.41,ID,1626930496
401,Oranjestad,12.524,-70.027,79.79,86,3,24.63,AW,1626930497
402,Souillac,-20.5167,57.5167,74.35,61,51,17.38,MU,1626930497
403,Neiafu,-18.65,-173.9833,77.68,73,20,6.91,TO,1626930497
404,Virginia Beach,36.8529,-75.978,74.01,86,90,4.61,US,1626930498
405,Ukiah,39.1502,-123.2078,71.49,40,1,3.44,US,1626930499
406,Selkirk,50.1436,-96.8845,70.09,93,77,5.99,CA,1626930501
407,Salisbury,51.0693,-1.7957,66.47,90,1,1.14,GB,1626930501
408,Waingapu,-9.6567,120.2641,85.93,51,93,15.77,ID,1626930502
409,Thinadhoo,0.5333,72.9333,81.72,75,100,10.42,MV,1626930503
410,Fortuna,40.5982,-124.1573,56.93,87,90,1.01,US,1626930492
411,Vestmanna,62.1564,-7.1664,50.92,93,75,6.91,FO,1626930504
412,Srednekolymsk,67.45,153.6833,66.97,52,100,4.34,RU,1626930504
413,Gōdo,35.4167,136.6,92.05,90,80,5.75,JP,1626930506
414,Zhangaözen,43.3,52.8,93.61,18,0,13.42,KZ,1626930507
415,Iqaluit,63.7506,-68.5145,41.7,86,100,5.01,CA,1626930507
416,Tynda,55.1667,124.7167,76.03,64,94,2.86,RU,1626930382
417,Bluefields,12.0137,-83.7635,78.8,91,100,13.09,NI,1626930508
418,Arlit,18.7369,7.3853,86.97,35,34,9.35,NE,1626930509
419,Sept-Îles,50.2001,-66.3821,62.06,72,100,1.99,CA,1626930324
420,Pravia,43.4906,-6.1508,64.22,100,90,0.0,ES,1626930510
421,Kołobrzeg,54.1757,15.5834,62.35,100,31,7.61,PL,1626930510
422,Takoradze,4.8845,-1.7554,75.09,84,58,6.55,GH,1626930511
423,Tabou,4.423,-7.3528,76.06,83,68,6.49,CI,1626930511
424,Cockburn Town,21.4612,-71.1419,81.18,83,11,18.99,TC,1626930512
425,Dezhou,37.4486,116.2925,73.63,88,100,1.57,CN,1626930513
426,Ixtapa,20.7,-105.2,79.56,94,100,1.81,MX,1626930514
427,Ballarat,-37.5662,143.8496,48.18,73,100,11.86,AU,1626930514
428,Maniitsoq,65.4167,-52.9,42.93,81,97,10.69,GL,1626930514
429,Sisimiut,66.9395,-53.6735,43.43,80,99,3.74,GL,1626930516
430,Sapucaia,-29.8333,-51.15,53.4,86,0,1.01,BR,1626930518
431,Derbent,42.0678,48.2899,87.89,50,62,7.18,RU,1626930519
432,Geraldton,-28.7667,114.6,68.13,72,90,8.05,AU,1626930520
433,Kasempa,-13.4584,25.8338,52.21,60,27,4.92,ZM,1626930520
434,Santa Vitória do Palmar,-33.5189,-53.3681,46.58,78,98,5.44,BR,1626930522
435,Safaga,26.7292,33.9365,89.1,39,7,15.86,EG,1626930523
436,Tete,-16.1564,33.5867,64.49,68,40,0.0,MZ,1626930524
437,Zhaotong,27.3167,103.7167,75.72,64,30,3.0,CN,1626930525
438,Grand Gaube,-20.0064,57.6608,74.37,58,85,13.0,MU,1626930525
439,Ferrol,43.4832,-8.2369,64.27,95,100,3.31,ES,1626930525
440,Mindelo,16.8901,-24.9804,74.26,87,61,6.71,CV,1626930526
441,Puerto Escondido,15.85,-97.0667,80.11,83,89,5.01,MX,1626930391
442,Saraiu,44.7167,28.15,66.87,69,56,16.46,RO,1626930527
443,Quatre Cocos,-20.2078,57.7625,74.08,62,78,16.44,MU,1626930527
444,Panlaitan,12.1191,119.8486,83.3,81,76,25.1,PH,1626930528
445,Roseburg,43.2165,-123.3417,68.11,42,1,6.91,US,1626930249
446,Shimoda,34.6667,138.95,87.1,71,2,8.88,JP,1626930530
447,Rāvar,31.2656,56.8055,89.33,11,0,3.44,IR,1626930530
448,Nantucket,41.2835,-70.0995,71.71,90,72,13.56,US,1626930531
449,Burnie,-41.0667,145.9167,54.91,84,100,12.86,AU,1626930532
450,Green River,41.5286,-109.4662,78.19,36,56,3.0,US,1626930337
451,La Macarena,2.1837,-73.7849,68.97,99,100,2.53,CO,1626930532
452,Tabory,58.5198,64.5495,75.04,52,100,1.86,RU,1626930533
453,Mogadishu,2.0371,45.3438,77.58,83,51,19.62,SO,1626930533
454,La Paz,-16.5,-68.15,40.59,70,0,3.8,BO,1626930401
455,Matara,5.9485,80.5353,80.92,85,100,14.45,LK,1626930534
456,Alihe,50.5667,123.7167,92.46,41,4,8.19,CN,1626930319
457,Umarkot,25.3616,69.7362,93.24,52,21,17.16,PK,1626930534
458,Ransang,8.9603,117.5828,87.21,63,100,16.87,PH,1626930535
459,Riberalta,-10.9833,-66.1,66.15,55,0,2.42,BO,1626930535
460,Daru,-9.0763,143.2092,80.17,73,89,15.1,PG,1626930536
461,Nome,64.5011,-165.4064,48.27,71,75,12.66,US,1626930536
462,Mirny,62.5353,113.9611,77.11,34,48,5.26,RU,1626930537
463,Salamanca,40.8333,-6.0,57.99,52,0,3.0,ES,1626930278
464,Okha,53.5739,142.9478,76.6,69,100,10.94,RU,1626930538
465,Nālūt,30.3333,10.85,74.1,42,0,8.61,LY,1626930539
466,Luau,-10.7073,22.2247,57.79,33,29,8.01,AO,1626930539
467,Wad Medani,14.4012,33.5199,76.64,78,81,14.43,SD,1626930539
468,Kulhudhuffushi,6.6221,73.07,82.83,76,100,18.63,MV,1626930540
469,Morros,-9.4467,-46.3003,70.68,47,60,4.85,BR,1626930540
470,Maryborough,-25.5333,152.7,67.1,48,1,4.88,AU,1626930541
471,Marabba,12.35,32.1833,75.27,83,100,14.5,SD,1626930542
472,Chapada dos Guimarães,-15.4606,-55.7497,58.66,32,0,2.21,BR,1626930543
473,Bratsk,56.1325,101.6142,61.29,78,100,5.61,RU,1626930544
474,Rocha,-34.4833,-54.3333,44.87,85,100,6.4,UY,1626930545
475,Lodja,-3.4833,23.4333,67.57,46,7,1.63,CD,1626930545
476,Port Hedland,-20.3167,118.5667,89.65,33,9,6.91,AU,1626930546
477,Kununurra,-15.7667,128.7333,93.18,12,92,5.75,AU,1626930547
478,Pokhara,28.2333,83.9833,83.19,69,98,3.2,NP,1626930547
479,Luangwa,-15.6167,30.4167,60.03,65,1,1.66,ZM,1626930547
480,Comodoro Rivadavia,-45.8667,-67.5,53.46,54,0,6.91,AR,1626930548
481,Krasnosel'kup,65.7,82.4667,73.49,56,100,24.99,RU,1626930548
482,East Retford,53.3221,-0.9432,63.72,97,0,4.61,GB,1626930549
483,Samaná,19.2056,-69.3369,77.86,86,49,7.63,DO,1626930549
484,Merke,42.8728,73.1786,87.12,26,0,9.01,KZ,1626930550
485,Longyan,25.1072,117.0225,95.54,36,33,4.32,CN,1626930303
486,Qui Nhon,13.7667,109.2333,85.06,65,100,15.77,VN,1626930551
487,Sharjah city,25.3573,55.4033,102.36,37,0,5.75,AE,1626930252
488,Soure,-0.7167,-48.5233,78.08,83,37,10.89,BR,1626930552
489,Okhotsk,59.3833,143.3,57.49,89,99,4.92,RU,1626930552
490,Muli,2.9167,73.5667,82.33,76,100,13.85,MV,1626930553
491,Shubarshi,48.5872,57.1869,92.84,23,26,8.88,KZ,1626930554
492,Pilar,-9.5972,-35.9567,69.73,93,20,2.37,BR,1626930554
493,Masterton,-40.9597,175.6575,53.89,97,98,8.75,NZ,1626930323
494,Amherst,41.3978,-82.2224,66.51,85,1,0.0,US,1626930494
495,Taicheng,38.731,113.228,69.33,83,100,5.79,CN,1626930555
496,Xiangfan,32.0422,112.1448,88.81,66,99,4.12,CN,1626930556
497,Severo-Yeniseyskiy,60.3725,93.0408,65.46,57,11,6.24,RU,1626930557
498,Bonanza,14.0289,-84.591,72.34,99,89,2.37,NI,1626930558
499,Costineşti,43.95,28.6333,71.02,72,59,21.23,RO,1626930559
500,Artyom,40.4723,50.333,86.14,54,85,2.39,AZ,1626930559
501,Nawalapitiya,7.0559,80.5348,76.93,77,100,10.0,LK,1626930560
502,Kodinsk,58.6881,99.1844,68.2,77,93,1.41,RU,1626930561
503,Fengzhen,40.4394,113.1536,75.31,62,97,11.92,CN,1626930562
504,Tubualá,9.5167,-79.0333,80.33,84,77,9.06,PA,1626930563
505,Rørvik,64.8621,11.2373,53.58,100,75,18.41,NO,1626930564
506,Sinnamary,5.3833,-52.95,78.57,85,12,7.58,GF,1626930565
507,Cam Ranh,11.9214,109.1591,93.16,46,75,10.36,VN,1626930566
508,Igarka,67.4667,86.5833,66.07,58,100,18.88,RU,1626930566
509,Portland,45.5234,-122.6762,66.34,60,1,1.01,US,1626930435
510,Florence,43.7667,11.25,72.73,84,0,1.14,IT,1626930268
511,Padang,-0.9492,100.3543,86.09,62,77,5.37,ID,1626930568
512,Port Lincoln,-34.7333,135.8667,47.91,85,100,5.99,AU,1626930569
513,Young,-32.6833,-57.6333,49.23,79,66,8.08,UY,1626930569
514,Kota Tinggi,1.7381,103.8999,91.4,52,57,8.12,MY,1626930570
515,Olafsvik,64.8945,-23.7142,52.07,96,100,12.37,IS,1626930570
516,Brufut,13.3814,-16.7518,78.89,94,40,6.91,GM,1626930570
517,Harper,4.375,-7.7169,76.59,82,63,7.4,LR,1626930571
518,Māgadi,12.9667,77.2333,75.36,88,100,19.39,IN,1626930368
519,Castro Verde Municipality,37.6983,-8.0858,59.27,85,0,5.01,PT,1626930572
520,Masunga,-20.6246,27.4488,45.59,44,0,6.51,BW,1626930573
521,Creel,27.75,-107.6333,58.28,67,89,1.39,MX,1626930575
522,North Myrtle Beach,33.816,-78.68,78.85,91,1,4.61,US,1626930575
523,Ulety,51.3572,112.4849,67.42,94,100,2.37,RU,1626930576
524,Chibuto,-24.6867,33.5306,59.9,95,0,4.9,MZ,1626930576
525,Tazmalt,36.3868,4.3989,76.78,28,0,3.38,DZ,1626930577
526,San Patricio,28.017,-97.5169,82.24,77,49,7.05,US,1626930577
527,Mauá,-23.6678,-46.4614,55.36,88,0,1.97,BR,1626930578
528,Sibolga,1.7427,98.7792,86.31,61,79,4.12,ID,1626930579
529,Urubichá,-15.3833,-62.95,62.51,52,0,1.36,BO,1626930580
530,Trairi,-3.2778,-39.2689,76.03,87,13,11.97,BR,1626930391
531,Yola,9.2,12.4833,74.16,90,100,3.15,NG,1626930581
532,Halifax,44.6453,-63.5724,66.42,91,23,1.99,CA,1626930582
533,Yüksekova,37.5736,44.2872,73.15,38,0,1.14,TR,1626930584
534,Zhigansk,66.7697,123.3711,69.51,42,97,1.25,RU,1626930585
535,Kirkenær,60.4564,12.0582,59.04,81,1,1.25,NO,1626930586
537,Shenjiamen,29.9576,122.298,81.79,82,36,22.77,CN,1626930590
538,Chara,56.9064,118.2631,76.28,48,99,1.03,RU,1626930590
539,Bontang,0.1333,117.5,84.51,69,100,10.83,ID,1626930592
540,Orlik,52.5178,99.825,73.35,45,65,6.67,RU,1626930593
541,Mahon,39.8885,4.2658,73.96,88,0,4.61,ES,1626930594
542,Cananéia,-25.0147,-47.9267,55.98,89,2,2.66,BR,1626930594
543,Soc Trang,9.6033,105.98,80.56,53,100,12.88,VN,1626930595
544,Hat Yai,7.0084,100.4767,93.38,55,40,10.36,TH,1626930595
545,Leningradskiy,69.3833,178.4167,39.51,74,100,4.9,RU,1626930596
546,Volchikha,52.0333,80.3833,79.63,41,9,11.48,RU,1626930597
547,Husavik,66.0449,-17.3389,53.56,84,0,3.74,IS,1626930597
548,Mitsamiouli,-11.3847,43.2844,77.22,67,6,8.61,KM,1626930598
549,Malakal,9.5334,31.6605,72.82,93,100,3.42,SS,1626930598
550,Bitung,1.4451,125.1824,86.85,80,29,16.69,ID,1626930598
551,Ishigaki,24.3448,124.1572,83.66,85,100,50.58,JP,1626930599
552,Stromness,58.965,-3.296,55.36,90,4,7.81,GB,1626930599
553,Arkhara,49.4212,130.0842,88.95,58,46,2.71,RU,1626930600
554,Raudeberg,61.9875,5.1352,56.19,85,99,11.59,NO,1626930601
555,Nguru,12.8791,10.4526,79.21,70,31,10.8,NG,1626930604
556,Kota Kinabalu,5.9749,116.0724,85.98,66,20,9.22,MY,1626930605
557,Chernyshevskiy,63.0128,112.4714,72.03,42,52,5.03,RU,1626930606
558,Ostrovnoy,68.0531,39.5131,50.07,74,100,6.8,RU,1626930606
559,Poum,-20.2333,164.0167,72.36,63,1,10.56,NC,1626930594
560,Abapó,-18.8333,-63.4667,52.43,59,0,3.22,BO,1626930607
561,Kousséri,12.0769,15.0306,78.96,70,100,8.48,CM,1626930607
562,Taoudenni,22.6783,-3.9836,96.08,23,58,8.66,ML,1626930609
563,Xining,36.6167,101.7667,83.05,35,23,5.95,CN,1626930609
564,Burns Lake,54.2331,-125.7533,52.88,60,79,7.02,CA,1626930610
565,Clearwater,27.9659,-82.8001,84.18,84,1,5.01,US,1626930610
566,Vostok,46.4856,135.8833,86.0,49,45,6.02,RU,1626930611
567,Mergen,49.1833,125.2167,85.73,68,1,9.15,CN,1626930612
568,Mayor Pablo Lagerenza,-19.9309,-60.7718,61.11,32,62,3.38,PY,1626930613
569,Kamenka,51.3223,42.7678,64.26,86,100,14.05,RU,1626930613
570,Impfondo,1.6381,18.0667,73.36,75,93,2.75,CG,1626930615
571,Loukhi,66.0764,33.0381,50.59,85,100,7.83,RU,1626930616
572,Fallon,39.4735,-118.7774,83.98,14,75,6.91,US,1626930616
573,Naica,27.85,-105.4833,77.16,46,53,15.77,MX,1626930616
574,Mount Gambier,-37.8333,140.7667,49.26,66,100,11.97,AU,1626930618
575,Takāb,36.4009,47.1133,83.79,19,25,15.77,IR,1626930618
576,Kawalu,-7.3817,108.2082,86.52,53,45,5.59,ID,1626930619
577,Barra do Corda,-5.5,-45.25,72.54,55,10,4.18,BR,1626930620
578,Atambua,-9.1061,124.8925,84.27,43,95,1.88,ID,1626930594
579,High Level,58.5169,-117.136,59.11,100,90,6.91,CA,1626930526
580,Kalmunai,7.4167,81.8167,89.38,50,100,14.88,LK,1626930622
581,Yerbogachën,61.2767,108.0108,76.46,36,97,1.43,RU,1626930622
582,Malīhābād,26.9167,80.7167,84.11,65,100,8.37,IN,1626930624
583,Esim,4.8699,-2.2405,74.95,83,65,6.06,GH,1626930624
584,Sopela,43.3789,-2.9831,69.69,90,75,0.0,ES,1626930358
585,Lida,53.8833,25.2997,56.84,74,0,5.77,BY,1626930625
586,Birnin Kebbi,12.4539,4.1975,78.19,73,70,7.16,NG,1626930625
587,Yashkul',46.1711,45.3435,90.63,31,7,7.11,RU,1626930626
588,Prince Rupert,54.3161,-130.3201,53.69,100,90,0.0,CA,1626930489
589,Satellite Beach,28.1761,-80.5901,82.02,87,1,4.61,US,1626930627
590,Gouyave,12.1646,-61.7296,79.34,83,89,17.87,GD,1626930628
591,Alugan,12.2188,125.4808,90.37,54,100,15.05,PH,1626930628
592,Cuamba,-14.8031,36.5372,70.16,60,100,1.05,MZ,1626930629
593,Antofagasta,-23.65,-70.4,54.68,73,14,4.74,CL,1626930450
594,Puerto del Rosario,28.5004,-13.8627,69.55,73,41,21.85,ES,1626930629
595,Avera,33.194,-82.5271,77.72,90,98,4.74,US,1626930630
596,Gallup,35.5281,-108.7426,74.16,67,100,1.01,US,1626930631
597,Arthur,39.7148,-88.4723,72.72,96,47,5.68,US,1626930631
598,Gold Coast,-28.0,153.4333,70.77,59,0,1.01,AU,1626930588
599,Krishnarājpet,12.655,76.4883,72.77,88,100,16.53,IN,1626930370
